national_id,species,generation,category,planned_phase,primary_method,alternate_method,requires_trade,requires_version_exclusive,requires_external_game,proof_scenario,status
001,BULBASAUR,1,starter,pending,pending,pending,false,false,false,pending,pending
002,IVYSAUR,1,species,pending,pending,pending,false,false,false,pending,pending
003,VENUSAUR,1,species,pending,pending,pending,false,false,false,pending,pending
004,CHARMANDER,1,starter,pending,pending,pending,false,false,false,pending,pending
005,CHARMELEON,1,species,pending,pending,pending,false,false,false,pending,pending
006,CHARIZARD,1,species,pending,pending,pending,false,false,false,pending,pending
007,SQUIRTLE,1,starter,pending,pending,pending,false,false,false,pending,pending
008,WARTORTLE,1,species,pending,pending,pending,false,false,false,pending,pending
009,BLASTOISE,1,species,pending,pending,pending,false,false,false,pending,pending
010,CATERPIE,1,species,pending,pending,pending,false,false,false,pending,pending
011,METAPOD,1,species,pending,pending,pending,false,false,false,pending,pending
012,BUTTERFREE,1,species,pending,pending,pending,false,false,false,pending,pending
013,WEEDLE,1,species,pending,pending,pending,false,false,false,pending,pending
014,KAKUNA,1,species,pending,pending,pending,false,false,false,pending,pending
015,BEEDRILL,1,species,pending,pending,pending,false,false,false,pending,pending
016,PIDGEY,1,species,pending,pending,pending,false,false,false,pending,pending
017,PIDGEOTTO,1,species,pending,pending,pending,false,false,false,pending,pending
018,PIDGEOT,1,species,pending,pending,pending,false,false,false,pending,pending
019,RATTATA,1,species,pending,pending,pending,false,false,false,pending,pending
020,RATICATE,1,species,pending,pending,pending,false,false,false,pending,pending
021,SPEAROW,1,species,pending,pending,pending,false,false,false,pending,pending
022,FEAROW,1,species,pending,pending,pending,false,false,false,pending,pending
023,EKANS,1,species,pending,pending,pending,false,false,false,pending,pending
024,ARBOK,1,species,pending,pending,pending,false,false,false,pending,pending
025,PIKACHU,1,species,pending,pending,pending,false,false,false,pending,pending
026,RAICHU,1,species,pending,pending,pending,false,false,false,pending,pending
027,SANDSHREW,1,species,pending,pending,pending,false,false,false,pending,pending
028,SANDSLASH,1,species,pending,pending,pending,false,false,false,pending,pending
029,NIDORAN_F,1,species,pending,pending,pending,false,false,false,pending,pending
030,NIDORINA,1,species,pending,pending,pending,false,false,false,pending,pending
031,NIDOQUEEN,1,species,pending,pending,pending,false,false,false,pending,pending
032,NIDORAN_M,1,species,pending,pending,pending,false,false,false,pending,pending
033,NIDORINO,1,species,pending,pending,pending,false,false,false,pending,pending
034,NIDOKING,1,species,pending,pending,pending,false,false,false,pending,pending
035,CLEFAIRY,1,species,pending,pending,pending,false,false,false,pending,pending
036,CLEFABLE,1,species,pending,pending,pending,false,false,false,pending,pending
037,VULPIX,1,species,pending,pending,pending,false,false,false,pending,pending
038,NINETALES,1,species,pending,pending,pending,false,false,false,pending,pending
039,JIGGLYPUFF,1,species,pending,pending,pending,false,false,false,pending,pending
040,WIGGLYTUFF,1,species,pending,pending,pending,false,false,false,pending,pending
041,ZUBAT,1,species,pending,pending,pending,false,false,false,pending,pending
042,GOLBAT,1,species,pending,pending,pending,false,false,false,pending,pending
043,ODDISH,1,species,pending,pending,pending,false,false,false,pending,pending
044,GLOOM,1,species,pending,pending,pending,false,false,false,pending,pending
045,VILEPLUME,1,species,pending,pending,pending,false,false,false,pending,pending
046,PARAS,1,species,pending,pending,pending,false,false,false,pending,pending
047,PARASECT,1,species,pending,pending,pending,false,false,false,pending,pending
048,VENONAT,1,species,pending,pending,pending,false,false,false,pending,pending
049,VENOMOTH,1,species,pending,pending,pending,false,false,false,pending,pending
050,DIGLETT,1,species,pending,pending,pending,false,false,false,pending,pending
051,DUGTRIO,1,species,pending,pending,pending,false,false,false,pending,pending
052,MEOWTH,1,species,pending,pending,pending,false,false,false,pending,pending
053,PERSIAN,1,species,pending,pending,pending,false,false,false,pending,pending
054,PSYDUCK,1,species,pending,pending,pending,false,false,false,pending,pending
055,GOLDUCK,1,species,pending,pending,pending,false,false,false,pending,pending
056,MANKEY,1,species,pending,pending,pending,false,false,false,pending,pending
057,PRIMEAPE,1,species,pending,pending,pending,false,false,false,pending,pending
058,GROWLITHE,1,species,pending,pending,pending,false,false,false,pending,pending
059,ARCANINE,1,species,pending,pending,pending,false,false,false,pending,pending
060,POLIWAG,1,species,pending,pending,pending,false,false,false,pending,pending
061,POLIWHIRL,1,species,pending,pending,pending,false,false,false,pending,pending
062,POLIWRATH,1,species,pending,pending,pending,false,false,false,pending,pending
063,ABRA,1,species,pending,pending,pending,false,false,false,pending,pending
064,KADABRA,1,species,pending,pending,pending,false,false,false,pending,pending
065,ALAKAZAM,1,species,pending,pending,pending,false,false,false,pending,pending
066,MACHOP,1,species,pending,pending,pending,false,false,false,pending,pending
067,MACHOKE,1,species,pending,pending,pending,false,false,false,pending,pending
068,MACHAMP,1,species,pending,pending,pending,false,false,false,pending,pending
069,BELLSPROUT,1,species,pending,pending,pending,false,false,false,pending,pending
070,WEEPINBELL,1,species,pending,pending,pending,false,false,false,pending,pending
071,VICTREEBEL,1,species,pending,pending,pending,false,false,false,pending,pending
072,TENTACOOL,1,species,pending,pending,pending,false,false,false,pending,pending
073,TENTACRUEL,1,species,pending,pending,pending,false,false,false,pending,pending
074,GEODUDE,1,species,pending,pending,pending,false,false,false,pending,pending
075,GRAVELER,1,species,pending,pending,pending,false,false,false,pending,pending
076,GOLEM,1,species,pending,pending,pending,false,false,false,pending,pending
077,PONYTA,1,species,pending,pending,pending,false,false,false,pending,pending
078,RAPIDASH,1,species,pending,pending,pending,false,false,false,pending,pending
079,SLOWPOKE,1,species,pending,pending,pending,false,false,false,pending,pending
080,SLOWBRO,1,species,pending,pending,pending,false,false,false,pending,pending
081,MAGNEMITE,1,species,pending,pending,pending,false,false,false,pending,pending
082,MAGNETON,1,species,pending,pending,pending,false,false,false,pending,pending
083,FARFETCHD,1,species,pending,pending,pending,false,false,false,pending,pending
084,DODUO,1,species,pending,pending,pending,false,false,false,pending,pending
085,DODRIO,1,species,pending,pending,pending,false,false,false,pending,pending
086,SEEL,1,species,pending,pending,pending,false,false,false,pending,pending
087,DEWGONG,1,species,pending,pending,pending,false,false,false,pending,pending
088,GRIMER,1,species,pending,pending,pending,false,false,false,pending,pending
089,MUK,1,species,pending,pending,pending,false,false,false,pending,pending
090,SHELLDER,1,species,pending,pending,pending,false,false,false,pending,pending
091,CLOYSTER,1,species,pending,pending,pending,false,false,false,pending,pending
092,GASTLY,1,species,pending,pending,pending,false,false,false,pending,pending
093,HAUNTER,1,species,pending,pending,pending,false,false,false,pending,pending
094,GENGAR,1,species,pending,pending,pending,false,false,false,pending,pending
095,ONIX,1,species,pending,pending,pending,false,false,false,pending,pending
096,DROWZEE,1,species,pending,pending,pending,false,false,false,pending,pending
097,HYPNO,1,species,pending,pending,pending,false,false,false,pending,pending
098,KRABBY,1,species,pending,pending,pending,false,false,false,pending,pending
099,KINGLER,1,species,pending,pending,pending,false,false,false,pending,pending
100,VOLTORB,1,species,pending,pending,pending,false,false,false,pending,pending
101,ELECTRODE,1,species,pending,pending,pending,false,false,false,pending,pending
102,EXEGGCUTE,1,species,pending,pending,pending,false,false,false,pending,pending
103,EXEGGUTOR,1,species,pending,pending,pending,false,false,false,pending,pending
104,CUBONE,1,species,pending,pending,pending,false,false,false,pending,pending
105,MAROWAK,1,species,pending,pending,pending,false,false,false,pending,pending
106,HITMONLEE,1,species,pending,pending,pending,false,false,false,pending,pending
107,HITMONCHAN,1,species,pending,pending,pending,false,false,false,pending,pending
108,LICKITUNG,1,species,pending,pending,pending,false,false,false,pending,pending
109,KOFFING,1,species,pending,pending,pending,false,false,false,pending,pending
110,WEEZING,1,species,pending,pending,pending,false,false,false,pending,pending
111,RHYHORN,1,species,pending,pending,pending,false,false,false,pending,pending
112,RHYDON,1,species,pending,pending,pending,false,false,false,pending,pending
113,CHANSEY,1,species,pending,pending,pending,false,false,false,pending,pending
114,TANGELA,1,species,pending,pending,pending,false,false,false,pending,pending
115,KANGASKHAN,1,species,pending,pending,pending,false,false,false,pending,pending
116,HORSEA,1,species,pending,pending,pending,false,false,false,pending,pending
117,SEADRA,1,species,pending,pending,pending,false,false,false,pending,pending
118,GOLDEEN,1,species,pending,pending,pending,false,false,false,pending,pending
119,SEAKING,1,species,pending,pending,pending,false,false,false,pending,pending
120,STARYU,1,species,pending,pending,pending,false,false,false,pending,pending
121,STARMIE,1,species,pending,pending,pending,false,false,false,pending,pending
122,MR_MIME,1,species,pending,pending,pending,false,false,false,pending,pending
123,SCYTHER,1,species,pending,pending,pending,false,false,false,pending,pending
124,JYNX,1,species,pending,pending,pending,false,false,false,pending,pending
125,ELECTABUZZ,1,species,pending,pending,pending,false,false,false,pending,pending
126,MAGMAR,1,species,pending,pending,pending,false,false,false,pending,pending
127,PINSIR,1,species,pending,pending,pending,false,false,false,pending,pending
128,TAUROS,1,species,pending,pending,pending,false,false,false,pending,pending
129,MAGIKARP,1,species,pending,pending,pending,false,false,false,pending,pending
130,GYARADOS,1,species,pending,pending,pending,false,false,false,pending,pending
131,LAPRAS,1,species,pending,pending,pending,false,false,false,pending,pending
132,DITTO,1,species,pending,pending,pending,false,false,false,pending,pending
133,EEVEE,1,species,pending,pending,pending,false,false,false,pending,pending
134,VAPOREON,1,species,pending,pending,pending,false,false,false,pending,pending
135,JOLTEON,1,species,pending,pending,pending,false,false,false,pending,pending
136,FLAREON,1,species,pending,pending,pending,false,false,false,pending,pending
137,PORYGON,1,species,pending,pending,pending,false,false,false,pending,pending
138,OMANYTE,1,species,pending,pending,pending,false,false,false,pending,pending
139,OMASTAR,1,species,pending,pending,pending,false,false,false,pending,pending
140,KABUTO,1,species,pending,pending,pending,false,false,false,pending,pending
141,KABUTOPS,1,species,pending,pending,pending,false,false,false,pending,pending
142,AERODACTYL,1,species,pending,pending,pending,false,false,false,pending,pending
143,SNORLAX,1,species,pending,pending,pending,false,false,false,pending,pending
144,ARTICUNO,1,legendary,pending,pending,pending,false,false,false,pending,pending
145,ZAPDOS,1,legendary,pending,pending,pending,false,false,false,pending,pending
146,MOLTRES,1,legendary,pending,pending,pending,false,false,false,pending,pending
147,DRATINI,1,species,pending,pending,pending,false,false,false,pending,pending
148,DRAGONAIR,1,species,pending,pending,pending,false,false,false,pending,pending
149,DRAGONITE,1,species,pending,pending,pending,false,false,false,pending,pending
150,MEWTWO,1,legendary,pending,pending,pending,false,false,false,pending,pending
151,MEW,1,mythical,pending,pending,pending,false,false,false,pending,pending
152,CHIKORITA,2,starter,pending,pending,pending,false,false,false,pending,pending
153,BAYLEEF,2,species,pending,pending,pending,false,false,false,pending,pending
154,MEGANIUM,2,species,pending,pending,pending,false,false,false,pending,pending
155,CYNDAQUIL,2,starter,pending,pending,pending,false,false,false,pending,pending
156,QUILAVA,2,species,pending,pending,pending,false,false,false,pending,pending
157,TYPHLOSION,2,species,pending,pending,pending,false,false,false,pending,pending
158,TOTODILE,2,starter,pending,pending,pending,false,false,false,pending,pending
159,CROCONAW,2,species,pending,pending,pending,false,false,false,pending,pending
160,FERALIGATR,2,species,pending,pending,pending,false,false,false,pending,pending
161,SENTRET,2,species,pending,pending,pending,false,false,false,pending,pending
162,FURRET,2,species,pending,pending,pending,false,false,false,pending,pending
163,HOOTHOOT,2,species,pending,pending,pending,false,false,false,pending,pending
164,NOCTOWL,2,species,pending,pending,pending,false,false,false,pending,pending
165,LEDYBA,2,species,pending,pending,pending,false,false,false,pending,pending
166,LEDIAN,2,species,pending,pending,pending,false,false,false,pending,pending
167,SPINARAK,2,species,pending,pending,pending,false,false,false,pending,pending
168,ARIADOS,2,species,pending,pending,pending,false,false,false,pending,pending
169,CROBAT,2,species,pending,pending,pending,false,false,false,pending,pending
170,CHINCHOU,2,species,pending,pending,pending,false,false,false,pending,pending
171,LANTURN,2,species,pending,pending,pending,false,false,false,pending,pending
172,PICHU,2,baby,pending,pending,pending,false,false,false,pending,pending
173,CLEFFA,2,baby,pending,pending,pending,false,false,false,pending,pending
174,IGGLYBUFF,2,baby,pending,pending,pending,false,false,false,pending,pending
175,TOGEPI,2,baby,pending,pending,pending,false,false,false,pending,pending
176,TOGETIC,2,species,pending,pending,pending,false,false,false,pending,pending
177,NATU,2,species,pending,pending,pending,false,false,false,pending,pending
178,XATU,2,species,pending,pending,pending,false,false,false,pending,pending
179,MAREEP,2,species,pending,pending,pending,false,false,false,pending,pending
180,FLAAFFY,2,species,pending,pending,pending,false,false,false,pending,pending
181,AMPHAROS,2,species,pending,pending,pending,false,false,false,pending,pending
182,BELLOSSOM,2,species,pending,pending,pending,false,false,false,pending,pending
183,MARILL,2,species,pending,pending,pending,false,false,false,pending,pending
184,AZUMARILL,2,species,pending,pending,pending,false,false,false,pending,pending
185,SUDOWOODO,2,species,pending,pending,pending,false,false,false,pending,pending
186,POLITOED,2,species,pending,pending,pending,false,false,false,pending,pending
187,HOPPIP,2,species,pending,pending,pending,false,false,false,pending,pending
188,SKIPLOOM,2,species,pending,pending,pending,false,false,false,pending,pending
189,JUMPLUFF,2,species,pending,pending,pending,false,false,false,pending,pending
190,AIPOM,2,species,pending,pending,pending,false,false,false,pending,pending
191,SUNKERN,2,species,pending,pending,pending,false,false,false,pending,pending
192,SUNFLORA,2,species,pending,pending,pending,false,false,false,pending,pending
193,YANMA,2,species,pending,pending,pending,false,false,false,pending,pending
194,WOOPER,2,species,pending,pending,pending,false,false,false,pending,pending
195,QUAGSIRE,2,species,pending,pending,pending,false,false,false,pending,pending
196,ESPEON,2,species,pending,pending,pending,false,false,false,pending,pending
197,UMBREON,2,species,pending,pending,pending,false,false,false,pending,pending
198,MURKROW,2,species,pending,pending,pending,false,false,false,pending,pending
199,SLOWKING,2,species,pending,pending,pending,false,false,false,pending,pending
200,MISDREAVUS,2,species,pending,pending,pending,false,false,false,pending,pending
201,UNOWN,2,species,pending,pending,pending,false,false,false,pending,pending
202,WOBBUFFET,2,species,pending,pending,pending,false,false,false,pending,pending
203,GIRAFARIG,2,species,pending,pending,pending,false,false,false,pending,pending
204,PINECO,2,species,pending,pending,pending,false,false,false,pending,pending
205,FORRETRESS,2,species,pending,pending,pending,false,false,false,pending,pending
206,DUNSPARCE,2,species,pending,pending,pending,false,false,false,pending,pending
207,GLIGAR,2,species,pending,pending,pending,false,false,false,pending,pending
208,STEELIX,2,species,pending,pending,pending,false,false,false,pending,pending
209,SNUBBULL,2,species,pending,pending,pending,false,false,false,pending,pending
210,GRANBULL,2,species,pending,pending,pending,false,false,false,pending,pending
211,QWILFISH,2,species,pending,pending,pending,false,false,false,pending,pending
212,SCIZOR,2,species,pending,pending,pending,false,false,false,pending,pending
213,SHUCKLE,2,species,pending,pending,pending,false,false,false,pending,pending
214,HERACROSS,2,species,pending,pending,pending,false,false,false,pending,pending
215,SNEASEL,2,species,pending,pending,pending,false,false,false,pending,pending
216,TEDDIURSA,2,species,pending,pending,pending,false,false,false,pending,pending
217,URSARING,2,species,pending,pending,pending,false,false,false,pending,pending
218,SLUGMA,2,species,pending,pending,pending,false,false,false,pending,pending
219,MAGCARGO,2,species,pending,pending,pending,false,false,false,pending,pending
220,SWINUB,2,species,pending,pending,pending,false,false,false,pending,pending
221,PILOSWINE,2,species,pending,pending,pending,false,false,false,pending,pending
222,CORSOLA,2,species,pending,pending,pending,false,false,false,pending,pending
223,REMORAID,2,species,pending,pending,pending,false,false,false,pending,pending
224,OCTILLERY,2,species,pending,pending,pending,false,false,false,pending,pending
225,DELIBIRD,2,species,pending,pending,pending,false,false,false,pending,pending
226,MANTINE,2,species,pending,pending,pending,false,false,false,pending,pending
227,SKARMORY,2,species,pending,pending,pending,false,false,false,pending,pending
228,HOUNDOUR,2,species,pending,pending,pending,false,false,false,pending,pending
229,HOUNDOOM,2,species,pending,pending,pending,false,false,false,pending,pending
230,KINGDRA,2,species,pending,pending,pending,false,false,false,pending,pending
231,PHANPY,2,species,pending,pending,pending,false,false,false,pending,pending
232,DONPHAN,2,species,pending,pending,pending,false,false,false,pending,pending
233,PORYGON2,2,species,pending,pending,pending,false,false,false,pending,pending
234,STANTLER,2,species,pending,pending,pending,false,false,false,pending,pending
235,SMEARGLE,2,species,pending,pending,pending,false,false,false,pending,pending
236,TYROGUE,2,baby,pending,pending,pending,false,false,false,pending,pending
237,HITMONTOP,2,species,pending,pending,pending,false,false,false,pending,pending
238,SMOOCHUM,2,baby,pending,pending,pending,false,false,false,pending,pending
239,ELEKID,2,baby,pending,pending,pending,false,false,false,pending,pending
240,MAGBY,2,baby,pending,pending,pending,false,false,false,pending,pending
241,MILTANK,2,species,pending,pending,pending,false,false,false,pending,pending
242,BLISSEY,2,species,pending,pending,pending,false,false,false,pending,pending
243,RAIKOU,2,legendary,pending,pending,pending,false,false,false,pending,pending
244,ENTEI,2,legendary,pending,pending,pending,false,false,false,pending,pending
245,SUICUNE,2,legendary,pending,pending,pending,false,false,false,pending,pending
246,LARVITAR,2,species,pending,pending,pending,false,false,false,pending,pending
247,PUPITAR,2,species,pending,pending,pending,false,false,false,pending,pending
248,TYRANITAR,2,species,pending,pending,pending,false,false,false,pending,pending
249,LUGIA,2,legendary,pending,pending,pending,false,false,false,pending,pending
250,HO_OH,2,legendary,pending,pending,pending,false,false,false,pending,pending
251,CELEBI,2,mythical,pending,pending,pending,false,false,false,pending,pending
252,TREECKO,3,starter,pending,pending,pending,false,false,false,pending,pending
253,GROVYLE,3,species,pending,pending,pending,false,false,false,pending,pending
254,SCEPTILE,3,species,pending,pending,pending,false,false,false,pending,pending
255,TORCHIC,3,starter,pending,pending,pending,false,false,false,pending,pending
256,COMBUSKEN,3,species,pending,pending,pending,false,false,false,pending,pending
257,BLAZIKEN,3,species,pending,pending,pending,false,false,false,pending,pending
258,MUDKIP,3,starter,pending,pending,pending,false,false,false,pending,pending
259,MARSHTOMP,3,species,pending,pending,pending,false,false,false,pending,pending
260,SWAMPERT,3,species,pending,pending,pending,false,false,false,pending,pending
261,POOCHYENA,3,species,pending,pending,pending,false,false,false,pending,pending
262,MIGHTYENA,3,species,pending,pending,pending,false,false,false,pending,pending
263,ZIGZAGOON,3,species,pending,pending,pending,false,false,false,pending,pending
264,LINOONE,3,species,pending,pending,pending,false,false,false,pending,pending
265,WURMPLE,3,species,pending,pending,pending,false,false,false,pending,pending
266,SILCOON,3,species,pending,pending,pending,false,false,false,pending,pending
267,BEAUTIFLY,3,species,pending,pending,pending,false,false,false,pending,pending
268,CASCOON,3,species,pending,pending,pending,false,false,false,pending,pending
269,DUSTOX,3,species,pending,pending,pending,false,false,false,pending,pending
270,LOTAD,3,species,pending,pending,pending,false,false,false,pending,pending
271,LOMBRE,3,species,pending,pending,pending,false,false,false,pending,pending
272,LUDICOLO,3,species,pending,pending,pending,false,false,false,pending,pending
273,SEEDOT,3,species,pending,pending,pending,false,false,false,pending,pending
274,NUZLEAF,3,species,pending,pending,pending,false,false,false,pending,pending
275,SHIFTRY,3,species,pending,pending,pending,false,false,false,pending,pending
276,TAILLOW,3,species,pending,pending,pending,false,false,false,pending,pending
277,SWELLOW,3,species,pending,pending,pending,false,false,false,pending,pending
278,WINGULL,3,species,pending,pending,pending,false,false,false,pending,pending
279,PELIPPER,3,species,pending,pending,pending,false,false,false,pending,pending
280,RALTS,3,species,pending,pending,pending,false,false,false,pending,pending
281,KIRLIA,3,species,pending,pending,pending,false,false,false,pending,pending
282,GARDEVOIR,3,species,pending,pending,pending,false,false,false,pending,pending
283,SURSKIT,3,species,pending,pending,pending,false,false,false,pending,pending
284,MASQUERAIN,3,species,pending,pending,pending,false,false,false,pending,pending
285,SHROOMISH,3,species,pending,pending,pending,false,false,false,pending,pending
286,BRELOOM,3,species,pending,pending,pending,false,false,false,pending,pending
287,SLAKOTH,3,species,pending,pending,pending,false,false,false,pending,pending
288,VIGOROTH,3,species,pending,pending,pending,false,false,false,pending,pending
289,SLAKING,3,species,pending,pending,pending,false,false,false,pending,pending
290,NINCADA,3,species,pending,pending,pending,false,false,false,pending,pending
291,NINJASK,3,species,pending,pending,pending,false,false,false,pending,pending
292,SHEDINJA,3,species,pending,pending,pending,false,false,false,pending,pending
293,WHISMUR,3,species,pending,pending,pending,false,false,false,pending,pending
294,LOUDRED,3,species,pending,pending,pending,false,false,false,pending,pending
295,EXPLOUD,3,species,pending,pending,pending,false,false,false,pending,pending
296,MAKUHITA,3,species,pending,pending,pending,false,false,false,pending,pending
297,HARIYAMA,3,species,pending,pending,pending,false,false,false,pending,pending
298,AZURILL,3,baby,pending,pending,pending,false,false,false,pending,pending
299,NOSEPASS,3,species,pending,pending,pending,false,false,false,pending,pending
300,SKITTY,3,species,pending,pending,pending,false,false,false,pending,pending
301,DELCATTY,3,species,pending,pending,pending,false,false,false,pending,pending
302,SABLEYE,3,species,pending,pending,pending,false,false,false,pending,pending
303,MAWILE,3,species,pending,pending,pending,false,false,false,pending,pending
304,ARON,3,species,pending,pending,pending,false,false,false,pending,pending
305,LAIRON,3,species,pending,pending,pending,false,false,false,pending,pending
306,AGGRON,3,species,pending,pending,pending,false,false,false,pending,pending
307,MEDITITE,3,species,pending,pending,pending,false,false,false,pending,pending
308,MEDICHAM,3,species,pending,pending,pending,false,false,false,pending,pending
309,ELECTRIKE,3,species,pending,pending,pending,false,false,false,pending,pending
310,MANECTRIC,3,species,pending,pending,pending,false,false,false,pending,pending
311,PLUSLE,3,species,pending,pending,pending,false,false,false,pending,pending
312,MINUN,3,species,pending,pending,pending,false,false,false,pending,pending
313,VOLBEAT,3,species,pending,pending,pending,false,false,false,pending,pending
314,ILLUMISE,3,species,pending,pending,pending,false,false,false,pending,pending
315,ROSELIA,3,species,pending,pending,pending,false,false,false,pending,pending
316,GULPIN,3,species,pending,pending,pending,false,false,false,pending,pending
317,SWALOT,3,species,pending,pending,pending,false,false,false,pending,pending
318,CARVANHA,3,species,pending,pending,pending,false,false,false,pending,pending
319,SHARPEDO,3,species,pending,pending,pending,false,false,false,pending,pending
320,WAILMER,3,species,pending,pending,pending,false,false,false,pending,pending
321,WAILORD,3,species,pending,pending,pending,false,false,false,pending,pending
322,NUMEL,3,species,pending,pending,pending,false,false,false,pending,pending
323,CAMERUPT,3,species,pending,pending,pending,false,false,false,pending,pending
324,TORKOAL,3,species,pending,pending,pending,false,false,false,pending,pending
325,SPOINK,3,species,pending,pending,pending,false,false,false,pending,pending
326,GRUMPIG,3,species,pending,pending,pending,false,false,false,pending,pending
327,SPINDA,3,species,pending,pending,pending,false,false,false,pending,pending
328,TRAPINCH,3,species,pending,pending,pending,false,false,false,pending,pending
329,VIBRAVA,3,species,pending,pending,pending,false,false,false,pending,pending
330,FLYGON,3,species,pending,pending,pending,false,false,false,pending,pending
331,CACNEA,3,species,pending,pending,pending,false,false,false,pending,pending
332,CACTURNE,3,species,pending,pending,pending,false,false,false,pending,pending
333,SWABLU,3,species,pending,pending,pending,false,false,false,pending,pending
334,ALTARIA,3,species,pending,pending,pending,false,false,false,pending,pending
335,ZANGOOSE,3,species,pending,pending,pending,false,false,false,pending,pending
336,SEVIPER,3,species,pending,pending,pending,false,false,false,pending,pending
337,LUNATONE,3,species,pending,pending,pending,false,false,false,pending,pending
338,SOLROCK,3,species,pending,pending,pending,false,false,false,pending,pending
339,BARBOACH,3,species,pending,pending,pending,false,false,false,pending,pending
340,WHISCASH,3,species,pending,pending,pending,false,false,false,pending,pending
341,CORPHISH,3,species,pending,pending,pending,false,false,false,pending,pending
342,CRAWDAUNT,3,species,pending,pending,pending,false,false,false,pending,pending
343,BALTOY,3,species,pending,pending,pending,false,false,false,pending,pending
344,CLAYDOL,3,species,pending,pending,pending,false,false,false,pending,pending
345,LILEEP,3,species,pending,pending,pending,false,false,false,pending,pending
346,CRADILY,3,species,pending,pending,pending,false,false,false,pending,pending
347,ANORITH,3,species,pending,pending,pending,false,false,false,pending,pending
348,ARMALDO,3,species,pending,pending,pending,false,false,false,pending,pending
349,FEEBAS,3,species,pending,pending,pending,false,false,false,pending,pending
350,MILOTIC,3,species,pending,pending,pending,false,false,false,pending,pending
351,CASTFORM,3,species,pending,pending,pending,false,false,false,pending,pending
352,KECLEON,3,species,pending,pending,pending,false,false,false,pending,pending
353,SHUPPET,3,species,pending,pending,pending,false,false,false,pending,pending
354,BANETTE,3,species,pending,pending,pending,false,false,false,pending,pending
355,DUSKULL,3,species,pending,pending,pending,false,false,false,pending,pending
356,DUSCLOPS,3,species,pending,pending,pending,false,false,false,pending,pending
357,TROPIUS,3,species,pending,pending,pending,false,false,false,pending,pending
358,CHIMECHO,3,species,pending,pending,pending,false,false,false,pending,pending
359,ABSOL,3,species,pending,pending,pending,false,false,false,pending,pending
360,WYNAUT,3,baby,pending,pending,pending,false,false,false,pending,pending
361,SNORUNT,3,species,pending,pending,pending,false,false,false,pending,pending
362,GLALIE,3,species,pending,pending,pending,false,false,false,pending,pending
363,SPHEAL,3,species,pending,pending,pending,false,false,false,pending,pending
364,SEALEO,3,species,pending,pending,pending,false,false,false,pending,pending
365,WALREIN,3,species,pending,pending,pending,false,false,false,pending,pending
366,CLAMPERL,3,species,pending,pending,pending,false,false,false,pending,pending
367,HUNTAIL,3,species,pending,pending,pending,false,false,false,pending,pending
368,GOREBYSS,3,species,pending,pending,pending,false,false,false,pending,pending
369,RELICANTH,3,species,pending,pending,pending,false,false,false,pending,pending
370,LUVDISC,3,species,pending,pending,pending,false,false,false,pending,pending
371,BAGON,3,species,pending,pending,pending,false,false,false,pending,pending
372,SHELGON,3,species,pending,pending,pending,false,false,false,pending,pending
373,SALAMENCE,3,species,pending,pending,pending,false,false,false,pending,pending
374,BELDUM,3,species,pending,pending,pending,false,false,false,pending,pending
375,METANG,3,species,pending,pending,pending,false,false,false,pending,pending
376,METAGROSS,3,species,pending,pending,pending,false,false,false,pending,pending
377,REGIROCK,3,legendary,pending,pending,pending,false,false,false,pending,pending
378,REGICE,3,legendary,pending,pending,pending,false,false,false,pending,pending
379,REGISTEEL,3,legendary,pending,pending,pending,false,false,false,pending,pending
380,LATIAS,3,legendary,pending,pending,pending,false,false,false,pending,pending
381,LATIOS,3,legendary,pending,pending,pending,false,false,false,pending,pending
382,KYOGRE,3,legendary,pending,pending,pending,false,false,false,pending,pending
383,GROUDON,3,legendary,pending,pending,pending,false,false,false,pending,pending
384,RAYQUAZA,3,legendary,pending,pending,pending,false,false,false,pending,pending
385,JIRACHI,3,mythical,pending,pending,pending,false,false,false,pending,pending
386,DEOXYS,3,mythical,pending,pending,pending,false,false,false,pending,pending
387,TURTWIG,4,starter,pending,pending,pending,false,false,false,pending,pending
388,GROTLE,4,species,pending,pending,pending,false,false,false,pending,pending
389,TORTERRA,4,species,pending,pending,pending,false,false,false,pending,pending
390,CHIMCHAR,4,starter,pending,pending,pending,false,false,false,pending,pending
391,MONFERNO,4,species,pending,pending,pending,false,false,false,pending,pending
392,INFERNAPE,4,species,pending,pending,pending,false,false,false,pending,pending
393,PIPLUP,4,starter,pending,pending,pending,false,false,false,pending,pending
394,PRINPLUP,4,species,pending,pending,pending,false,false,false,pending,pending
395,EMPOLEON,4,species,pending,pending,pending,false,false,false,pending,pending
396,STARLY,4,species,pending,pending,pending,false,false,false,pending,pending
397,STARAVIA,4,species,pending,pending,pending,false,false,false,pending,pending
398,STARAPTOR,4,species,pending,pending,pending,false,false,false,pending,pending
399,BIDOOF,4,species,pending,pending,pending,false,false,false,pending,pending
400,BIBAREL,4,species,pending,pending,pending,false,false,false,pending,pending
401,KRICKETOT,4,species,pending,pending,pending,false,false,false,pending,pending
402,KRICKETUNE,4,species,pending,pending,pending,false,false,false,pending,pending
403,SHINX,4,species,pending,pending,pending,false,false,false,pending,pending
404,LUXIO,4,species,pending,pending,pending,false,false,false,pending,pending
405,LUXRAY,4,species,pending,pending,pending,false,false,false,pending,pending
406,BUDEW,4,baby,pending,pending,pending,false,false,false,pending,pending
407,ROSERADE,4,species,pending,pending,pending,false,false,false,pending,pending
408,CRANIDOS,4,species,pending,pending,pending,false,false,false,pending,pending
409,RAMPARDOS,4,species,pending,pending,pending,false,false,false,pending,pending
410,SHIELDON,4,species,pending,pending,pending,false,false,false,pending,pending
411,BASTIODON,4,species,pending,pending,pending,false,false,false,pending,pending
412,BURMY,4,species,pending,pending,pending,false,false,false,pending,pending
413,WORMADAM,4,species,pending,pending,pending,false,false,false,pending,pending
414,MOTHIM,4,species,pending,pending,pending,false,false,false,pending,pending
415,COMBEE,4,species,pending,pending,pending,false,false,false,pending,pending
416,VESPIQUEN,4,species,pending,pending,pending,false,false,false,pending,pending
417,PACHIRISU,4,species,pending,pending,pending,false,false,false,pending,pending
418,BUIZEL,4,species,pending,pending,pending,false,false,false,pending,pending
419,FLOATZEL,4,species,pending,pending,pending,false,false,false,pending,pending
420,CHERUBI,4,species,pending,pending,pending,false,false,false,pending,pending
421,CHERRIM,4,species,pending,pending,pending,false,false,false,pending,pending
422,SHELLOS,4,species,pending,pending,pending,false,false,false,pending,pending
423,GASTRODON,4,species,pending,pending,pending,false,false,false,pending,pending
424,AMBIPOM,4,species,pending,pending,pending,false,false,false,pending,pending
425,DRIFLOON,4,species,pending,pending,pending,false,false,false,pending,pending
426,DRIFBLIM,4,species,pending,pending,pending,false,false,false,pending,pending
427,BUNEARY,4,species,pending,pending,pending,false,false,false,pending,pending
428,LOPUNNY,4,species,pending,pending,pending,false,false,false,pending,pending
429,MISMAGIUS,4,species,pending,pending,pending,false,false,false,pending,pending
430,HONCHKROW,4,species,pending,pending,pending,false,false,false,pending,pending
431,GLAMEOW,4,species,pending,pending,pending,false,false,false,pending,pending
432,PURUGLY,4,species,pending,pending,pending,false,false,false,pending,pending
433,CHINGLING,4,baby,pending,pending,pending,false,false,false,pending,pending
434,STUNKY,4,species,pending,pending,pending,false,false,false,pending,pending
435,SKUNTANK,4,species,pending,pending,pending,false,false,false,pending,pending
436,BRONZOR,4,species,pending,pending,pending,false,false,false,pending,pending
437,BRONZONG,4,species,pending,pending,pending,false,false,false,pending,pending
438,BONSLY,4,baby,pending,pending,pending,false,false,false,pending,pending
439,MIME_JR,4,baby,pending,pending,pending,false,false,false,pending,pending
440,HAPPINY,4,baby,pending,pending,pending,false,false,false,pending,pending
441,CHATOT,4,species,pending,pending,pending,false,false,false,pending,pending
442,SPIRITOMB,4,species,pending,pending,pending,false,false,false,pending,pending
443,GIBLE,4,species,pending,pending,pending,false,false,false,pending,pending
444,GABITE,4,species,pending,pending,pending,false,false,false,pending,pending
445,GARCHOMP,4,species,pending,pending,pending,false,false,false,pending,pending
446,MUNCHLAX,4,baby,pending,pending,pending,false,false,false,pending,pending
447,RIOLU,4,baby,pending,pending,pending,false,false,false,pending,pending
448,LUCARIO,4,species,pending,pending,pending,false,false,false,pending,pending
449,HIPPOPOTAS,4,species,pending,pending,pending,false,false,false,pending,pending
450,HIPPOWDON,4,species,pending,pending,pending,false,false,false,pending,pending
451,SKORUPI,4,species,pending,pending,pending,false,false,false,pending,pending
452,DRAPION,4,species,pending,pending,pending,false,false,false,pending,pending
453,CROAGUNK,4,species,pending,pending,pending,false,false,false,pending,pending
454,TOXICROAK,4,species,pending,pending,pending,false,false,false,pending,pending
455,CARNIVINE,4,species,pending,pending,pending,false,false,false,pending,pending
456,FINNEON,4,species,pending,pending,pending,false,false,false,pending,pending
457,LUMINEON,4,species,pending,pending,pending,false,false,false,pending,pending
458,MANTYKE,4,baby,pending,pending,pending,false,false,false,pending,pending
459,SNOVER,4,species,pending,pending,pending,false,false,false,pending,pending
460,ABOMASNOW,4,species,pending,pending,pending,false,false,false,pending,pending
461,WEAVILE,4,species,pending,pending,pending,false,false,false,pending,pending
462,MAGNEZONE,4,species,pending,pending,pending,false,false,false,pending,pending
463,LICKILICKY,4,species,pending,pending,pending,false,false,false,pending,pending
464,RHYPERIOR,4,species,pending,pending,pending,false,false,false,pending,pending
465,TANGROWTH,4,species,pending,pending,pending,false,false,false,pending,pending
466,ELECTIVIRE,4,species,pending,pending,pending,false,false,false,pending,pending
467,MAGMORTAR,4,species,pending,pending,pending,false,false,false,pending,pending
468,TOGEKISS,4,species,pending,pending,pending,false,false,false,pending,pending
469,YANMEGA,4,species,pending,pending,pending,false,false,false,pending,pending
470,LEAFEON,4,species,pending,pending,pending,false,false,false,pending,pending
471,GLACEON,4,species,pending,pending,pending,false,false,false,pending,pending
472,GLISCOR,4,species,pending,pending,pending,false,false,false,pending,pending
473,MAMOSWINE,4,species,pending,pending,pending,false,false,false,pending,pending
474,PORYGON_Z,4,species,pending,pending,pending,false,false,false,pending,pending
475,GALLADE,4,species,pending,pending,pending,false,false,false,pending,pending
476,PROBOPASS,4,species,pending,pending,pending,false,false,false,pending,pending
477,DUSKNOIR,4,species,pending,pending,pending,false,false,false,pending,pending
478,FROSLASS,4,species,pending,pending,pending,false,false,false,pending,pending
479,ROTOM,4,species,pending,pending,pending,false,false,false,pending,pending
480,UXIE,4,legendary,pending,pending,pending,false,false,false,pending,pending
481,MESPRIT,4,legendary,pending,pending,pending,false,false,false,pending,pending
482,AZELF,4,legendary,pending,pending,pending,false,false,false,pending,pending
483,DIALGA,4,legendary,pending,pending,pending,false,false,false,pending,pending
484,PALKIA,4,legendary,pending,pending,pending,false,false,false,pending,pending
485,HEATRAN,4,legendary,pending,pending,pending,false,false,false,pending,pending
486,REGIGIGAS,4,legendary,pending,pending,pending,false,false,false,pending,pending
487,GIRATINA,4,legendary,pending,pending,pending,false,false,false,pending,pending
488,CRESSELIA,4,legendary,pending,pending,pending,false,false,false,pending,pending
489,PHIONE,4,mythical,pending,pending,pending,false,false,false,pending,pending
490,MANAPHY,4,mythical,pending,pending,pending,false,false,false,pending,pending
491,DARKRAI,4,mythical,pending,pending,pending,false,false,false,pending,pending
492,SHAYMIN,4,mythical,pending,pending,pending,false,false,false,pending,pending
493,ARCEUS,4,mythical,pending,pending,pending,false,false,false,pending,pending
